{"cameraMode":{"drawMode":0,"name":"Shaded","section":"Shading Mode"},"sceneLighting":true,"audioPlay":false,"sceneViewState":{"m_AlwaysRefresh":false,"showFog":true,"showSkybox":true,"showFlares":true,"showImageEffects":true,"showParticleSystems":true,"showVisualEffectGraphs":true,"m_FxEnabled":true},"in2DMode":false,"pivot":{"x":292.1082763671875,"y":412.6841735839844,"z":34.462921142578128},"rotation":{"x":-0.03456466272473335,"y":0.040465664118528369,"z":-0.0014010989107191563,"w":-0.9985908269882202},"size":500.78179931640627,"orthographic":false}